,A,B,C,target
0,-1.5176220891121472,-3.502125241596954,11.639682094838747,0.0
1,1.1801134271160871,-2.295557121736147,18.681046508510647,1.0
2,-0.09038173330130914,-2.060723150510353,7.110419548982977,0.0
3,-1.4441016789588819,-1.1763886595060087,13.221420503794697,0.0
4,0.5442772140993983,1.438504390662389,16.491361765867165,1.0
5,0.11084198846372048,2.154851151851378,14.83870043029711,1.0
6,-1.4033816342769316,-1.8365115000726397,8.663789561076129,0.0
7,0.808937803452635,-0.07207006045171202,16.91280286374557,1.0
8,0.0526369898504582,-0.5908017149712148,5.064816584314605,0.0
9,-0.48544398287061846,1.7522036590354721,9.124627882287976,0.0
10,-1.4208974407135742,0.5063586495575032,3.8951354625643546,0.0
11,0.25480281803226434,1.1987219511841118,3.193114417783903,0.0
12,-0.4015315183062601,2.0227141590466458,12.74999241863045,1.0
13,-0.8544813536669462,-0.7643805510604029,12.413930109221191,0.0
14,1.0988886451128075,-4.114735495620444,5.532773122716956,0.0
15,-0.22347065911522032,-2.2919305657754854,7.518443636763355,0.0
16,0.23348605209458534,-1.719111587648889,10.452399224529687,0.0
17,-0.5421222223117848,3.3333883428170425,10.165966853679585,1.0
18,-0.6173891825624978,-5.842947550301423,12.640396064940077,0.0
19,0.37075730493095826,1.5056945149817151,4.527132801874237,0.0
20,-0.20079882548138153,3.804532088109368,10.539039081989305,1.0
21,-1.2544385210605202,3.795914123854619,10.217188006614167,1.0
22,0.33755426876125494,-1.3274863540374602,15.109705989100169,1.0
23,0.361245226353456,1.719692234738794,14.550792137533241,1.0
24,-1.7948657030419808,3.3178433460905326,11.120565191402944,1.0
25,0.7333549209631672,-2.3659225722349646,11.96788765888229,0.0
26,0.652581532883975,5.3004784348626774,18.445933805461753,1.0
27,-0.5260818859578451,-3.23402868434929,9.452558468620092,0.0
28,-1.4115435560279304,-5.882717666124709,16.569720996735228,0.0
29,0.564258252128187,-1.2082731276370344,7.7041317160835305,0.0
30,-1.41540989929853,-2.524549293229718,12.976680400392073,0.0
31,-0.10454074154963927,-3.981226680317987,9.348001958007549,0.0
32,1.4698191077689864,0.21936348299576508,10.060081561371733,1.0
33,-0.67581873307136,1.8739396610013492,12.281961399527535,1.0
34,0.2941181478128021,0.6134434790898105,10.333140584756116,1.0
35,-0.7584694590533534,0.3998027350279054,13.05360988445629,1.0
36,1.3322695654981302,-4.190011900715134,6.203136840938097,0.0
37,-1.022857579130496,-1.4982959264426021,13.527229031752478,1.0
38,1.81433464870735,-1.6095089736535702,12.122095659614544,1.0
39,-0.17496783612625022,2.8685745335616457,10.010796942721472,1.0
40,1.1735807982253401,-3.4750720679250326,9.289509779279395,0.0
41,-1.4065104273378284,-0.44109762303876887,20.65508530834376,1.0
42,-1.1530019677307735,-2.093458034195822,14.347242802234307,1.0
43,-0.6089741346136303,-0.9242487330842325,13.90625322385532,1.0
44,-0.43193724876607326,-1.6326499525375748,11.890921496411563,0.0
45,0.9438349304235916,3.9524314760074093,5.917928479187399,0.0
46,0.22905277655982917,1.0763378481164534,12.863562010216965,1.0
47,-0.35286156440610306,-1.9477655247445222,13.9713690781921,1.0
48,-0.6214239613044302,2.4210310344783927,7.100391005651171,0.0
49,-0.16054214588124643,-3.2553405666981705,15.1886588065763,1.0
50,-1.4056332955835713,0.044751874996991396,5.875056964972588,0.0
51,0.04160214718045459,-1.72697896696751,14.518968229881702,1.0
52,-0.43751294364491455,-1.7019272648512214,12.519662724011853,0.0
53,-0.06344333170590909,1.3043739101851801,8.482119923316038,0.0
54,-0.44030577468787824,2.430829783851586,13.694801499049916,1.0
55,1.3593699614404178,1.2680677410056518,14.050233791348036,1.0
56,0.6433298840391617,-4.580768534331768,12.307472253431168,0.0
57,0.6047576762107734,-3.3320704029817474,11.950299924122337,0.0
58,-0.5135946701811837,-0.6744094354992033,11.623835720429778,0.0
59,1.2815554281115855,-0.6252223028831033,13.342242380340998,1.0
60,-0.2761534348271977,1.9897297137231043,11.51472335913602,1.0
61,0.022752312214167663,-6.2039103693615,12.232444560385275,0.0
62,-0.38667616149239953,6.034763049494828,10.12313508094412,1.0
63,-0.29934435589513847,-2.780719794289492,13.500810232127217,0.0
64,-1.327309805661405,-6.0397884452378365,13.506970251007042,0.0
65,-0.024118640323465324,-1.596088673578473,3.254143651708251,0.0
66,-0.4971662963564941,1.2934616864461188,12.118935443961433,1.0
67,-1.1627821012863018,-1.6832791645588348,12.51314625188362,0.0
68,0.7292131371624352,5.6496526309304915,8.402494790829268,1.0
69,-0.33467228959176154,-5.210677324330864,16.193483391651796,0.0
70,0.31967144861898145,-4.623142230139448,6.795717534132867,0.0
71,0.444270711979618,-2.6744389498295122,14.817256324038457,1.0
72,0.7297527858337217,0.10204884633683967,7.497304004934185,0.0
73,-0.10775204814825226,3.8946601872794337,23.07602049389788,1.0
74,0.6415854502690362,2.1597787146416914,14.673377672307808,1.0
75,0.08009535335185004,-6.813697982689458,8.007025470585782,0.0
76,0.4272243337299169,-2.670774701738248,11.072728338931082,0.0
77,-0.9252523632349535,-2.0999203527605044,7.355271942906885,0.0
78,-0.5642717578709527,3.0757353196671655,11.605820912325965,1.0
79,-0.33474016567421316,1.6907606572480913,17.50638774597963,1.0
80,-0.390135243747341,-0.8228606428762888,16.377927091582208,1.0
81,0.4982251323507283,1.4903770736611137,11.30169369024145,1.0
82,0.8223749226628932,-1.457793845711366,9.434834963088468,0.0
83,-0.3922149497527703,1.090245623213337,9.87057419887203,0.0
84,1.2324387613931633,2.080028919125736,11.963649451567742,1.0
85,0.2161810422641137,3.0259929723993615,10.80689737543105,1.0
86,0.03872022386261996,1.0086313299356129,5.491753390919206,0.0
87,-0.07808052093881261,3.8238210435571407,9.386698425639414,1.0
88,-0.17867668528680997,-0.9666464472375123,13.672979569261612,1.0
89,-1.9750220641224505,-2.209499550059209,9.055815801754306,0.0
90,-0.07760532997091597,-2.1821912260082796,6.524751744312193,0.0
91,2.2241970560647766,-2.5515534493148704,18.50748465990989,1.0
92,0.9424396184846647,1.8540230829995494,10.068167705617793,1.0
93,-2.0137622244088016,-4.02640264261408,9.737614325086872,0.0
94,-0.09113222744937068,-4.885017058879914,10.447712074554605,0.0
95,-0.3213204185652888,-1.6123327775062162,12.78920586836948,0.0
96,1.5420312110260783,6.7303397438874555,15.316809880225513,1.0
97,-0.42480794824146456,-1.1163461882814634,9.151638723339357,0.0
98,0.132806275850189,-0.23339210572139746,12.89564153682872,1.0
99,-0.32341750746034315,2.63649092107858,16.684368617947147,1.0
100,0.7785259294502165,4.695393974424959,15.086264636536185,1.0
101,0.7327941275187598,5.3548763835506,11.19831902333969,1.0
102,0.1973020144919078,-3.08823078682125,10.555723659087358,0.0
103,0.5109787325644372,1.2836356122815444,12.381412973977643,1.0
104,0.2447730464124057,-1.5752931029070818,11.107428683661546,0.0
105,0.6363871785149738,0.8280840225518216,8.797855450498316,0.0
106,-1.2645217442828482,-0.57982493474669,7.6240783891148824,0.0
107,-0.9056968390758005,1.1521020600127332,9.500290381475207,0.0
108,-0.2990250926934865,-2.8416350907335515,13.269243297245833,0.0
109,1.1984440622234946,-3.665049221409067,10.047098399574855,0.0
110,0.7335505619419102,-1.7922611512868118,5.768647740837929,0.0
111,0.7920273272009266,-7.838510787684048,14.564686251937442,0.0
112,1.6817904478963999,-0.939297210473186,10.05865171925852,0.0
113,0.48717550861105346,2.657194237213634,7.767716005067503,0.0
114,1.0304535267884638,-0.22127001816451305,9.848454449190331,0.0
115,-0.29800010559092527,1.5640166821813595,12.774342990010517,1.0
116,-0.5796134596221827,3.0430972959006235,9.909143252445052,1.0
117,-0.30463662910099754,-0.9231343749849614,9.02733309992082,0.0
118,1.3709381029325125,0.557743732300376,18.485186030993447,1.0
119,-1.7320222359103274,2.9986811953342043,4.542312279867363,0.0
120,-1.297908760481803,-1.7804306424374197,14.716856213228244,1.0
121,1.1849849170165692,-0.9129101594717257,13.019241731010318,1.0
122,-0.21378393572410323,-6.676620308716853,14.102951864354806,0.0
123,-1.032170936104835,6.973643470224133,12.663108496468627,1.0
124,0.4136538750074231,3.7052673294795166,10.315431045916974,1.0
125,-1.0016681583809661,0.6029992737112282,15.285012812220236,1.0
126,0.9987137344146039,-1.5982685019011003,17.799193917696428,1.0
127,0.1985398247443339,-3.4264297831917947,15.33740807321267,1.0
128,-1.1394631092758611,-1.7775762611071655,16.338919337697803,1.0
129,0.49553858312170046,0.032043599703432984,13.170471154164938,1.0
130,0.5627699701409541,-4.890768306929057,11.630495837630475,0.0
131,0.21152879456931026,2.9413828500805765,12.425334639827817,1.0
132,1.6466408663611332,2.8065690257770917,15.456994790341104,1.0
133,-0.045186673822226825,-6.374602811575367,12.525024174994762,0.0
134,1.4542261250197501,5.11176768692099,6.8476747392989115,1.0
135,0.1037600234635886,0.19688112260769405,14.339366321190157,1.0
136,0.8056187686760975,2.3399914403631517,11.007939904049023,1.0
137,0.14836321173524708,-0.4786179085258527,9.834559824577987,0.0
138,1.0384686876691493,4.829746496671853,16.719580129598967,1.0
139,0.6107093406550398,1.9948497694592011,16.95281856239381,1.0
140,0.9627492208208556,0.5281796989630199,11.20780434185088,1.0
141,0.8175714824472998,-1.7444043891103052,10.44926750635147,0.0
142,1.3995892595008208,1.8938534439665995,6.749803760530554,0.0
143,1.0856301355621718,1.799440888840897,14.288184926132105,1.0
144,-2.2629407071488004,-7.128600596821408,4.870310561011516,0.0
145,-1.2540275591427412,-2.5217628488244967,12.324988834781362,0.0
146,0.5095761675676688,-2.394727515871926,13.324173072935865,1.0
147,-1.9952919167338143,-2.8368529647714085,10.18520680838256,0.0
148,0.15777945594383092,-1.0119393968914454,10.547400838778156,0.0
149,0.894071835980153,-2.3259362379203825,9.254135478502533,0.0
150,-1.1601397316843853,0.16013409004930618,9.753750458594368,0.0
151,0.3565520243513434,-0.8715842903356914,11.620868110008109,1.0
152,1.2122064940437147,0.1468821441428182,14.372046902915908,1.0
153,0.3385287941343942,-3.815859993761975,9.428020861590047,0.0
154,-0.14214956825438813,0.02770254352352188,17.199775746770257,1.0
155,1.092477576792473,1.636496576153538,15.95545863892731,1.0
156,0.32559663454589916,-1.5636223632366617,14.016649722293263,1.0
157,-0.5409252593343119,4.178476178807987,11.290535067727431,1.0
158,2.5191941938652507,-1.7976912301737245,8.257469888447373,0.0
159,0.350420898016626,-0.5460508107902629,12.324878426049285,1.0
160,0.30299376587760535,-0.4198612543380451,16.75640310775366,1.0
161,0.16884508335695142,0.788850031911049,15.751835170383098,1.0
162,-1.118500925569141,1.0082121676491662,15.0138714321718,1.0
163,-0.9230908081626513,-0.2145817121484359,15.102675501994465,1.0
164,-0.2792209515946392,-1.5136535310483392,9.831091340063505,0.0
165,-0.2932779416558066,2.5524315352415226,11.408760793760262,1.0
166,-0.10738706450203216,3.3716664384190933,14.585377729707869,1.0
167,0.9664658469006338,2.771788243083697,18.236193713458427,1.0
168,0.6920191345154603,0.379893835658122,8.014954382503246,0.0
169,1.3462091808543817,5.103781545250067,15.68877384370745,1.0
170,-1.9531928999860706,2.2360180518846304,16.228118754706742,1.0
171,-0.7388110116688122,3.7947696463909875,16.375503164029507,1.0
172,-0.8570080815851958,-2.90315241222089,9.04542750309218,0.0
173,-2.1679208032975525,1.6373311197437,6.441139167813712,0.0
174,2.044133559420124,-0.7904467991892974,17.97869839241944,1.0
175,0.2944495373679479,2.486927536054079,13.88035971068777,1.0
176,1.3715666344990811,3.5441630903648766,4.679012527955249,0.0
177,1.8772543379089581,1.5162262326497031,12.711777131752902,1.0
178,-1.769206070894897,3.261626444145334,2.9005431276313054,0.0
179,-0.1698073421048268,0.315918659514371,10.70487594370952,0.0
180,-0.2800212963664255,-2.3002115282817273,8.952433230547847,0.0
181,-0.3224352698438229,3.2747320914343296,5.626485639141946,0.0
182,-0.38063878373668725,1.5841517597440165,12.339750573311468,1.0
183,0.06827196939720714,0.35327335034751345,15.060128455936793,1.0
184,-0.8733281485849252,-1.7161295943078492,0.9365721066583905,0.0
185,-0.16972812280547578,-0.5176007747204213,4.424783047355488,0.0
186,0.024164125077304154,2.907641333173416,18.72747655514825,1.0
187,0.7698211858941736,-3.583264033862392,14.93024647372291,1.0
188,-0.3535983358270217,0.8690642170895944,9.545220475917413,0.0
189,-0.3118204208340762,0.24328356085246106,5.387039094893173,0.0
190,0.9621049198546714,-1.162380007642631,14.153056891105754,1.0
191,-1.4983558665850194,3.986343232496224,9.556440035656154,1.0
192,0.5028902108924047,-0.2270641547266224,16.409641159383074,1.0
193,0.33946930771470624,3.2129220661012767,17.1955955754293,1.0
194,0.39871444333104883,-2.4553294824695184,8.569941095553641,0.0
195,-1.20323528468649,-5.360203991382255,13.98368030633563,0.0
196,1.3442742102421386,2.752978811693166,19.350477045364542,1.0
197,0.5027873621053586,3.0892286132401687,10.625130880408749,1.0
198,-1.614574311198785,3.287647419234478,17.26218476522149,1.0
199,0.05608873574273686,2.6145432414692147,11.55846887717509,1.0
200,1.5662334268245492,-1.1749197429511802,14.286870112630545,1.0
201,0.28861341174968597,3.4267935164362098,10.063200366069069,1.0
202,-0.6956615527808419,1.4713511442936127,11.763494058488947,1.0
203,-0.150899363597586,2.0855448021673073,11.18661980834194,1.0
204,-0.8433186667094251,-1.000845156760897,16.863741385460546,1.0
205,0.2530608423027282,3.1783999501468454,15.868767847357454,1.0
206,-1.8779472641175685,-9.252223206226452,8.026986260174077,0.0
207,-0.2992090081468733,5.31119919307139,11.020075621260476,1.0
208,-0.36534384950645465,-1.4208195771239407,8.092343888155899,0.0
209,0.5206504396429356,-2.704473519210485,5.031594762957715,0.0
210,-1.3847981487620757,3.7929255535978372,11.723451664071886,1.0
211,-0.879403278875273,-0.7534967847359937,10.944224965873927,0.0
212,-2.290722958763715,-3.262044375458106,13.901605725662167,0.0
213,0.7294371586657687,-0.09107816086335235,12.416885840643303,1.0
214,-0.3128612419770394,1.3210535945365531,15.46090541973771,1.0
215,0.03534773147709821,3.6143350675950625,13.941720697977573,1.0
216,-1.1994931288244028,2.8044271057849213,12.56042873320174,1.0
217,0.31057842088123755,1.1040092565187096,15.261928386900365,1.0
218,0.03231155569978217,1.0110537346070587,15.0884140892966,1.0
219,-1.4944157928598174,-3.091810488082707,11.19250384530475,0.0
220,-1.3626479651231538,4.436169621775511,6.847102744049543,0.0
221,1.4653595256573193,-4.069404759057062,8.314764617485292,0.0
222,1.0308511681439985,3.675714252492415,19.505304822514304,1.0
223,1.5666544455658473,2.1286947254523545,14.068222758804291,1.0
224,-0.8772951702241119,0.9212291746297732,11.397901961601157,1.0
225,1.1804662438260765,0.5847706217176337,10.408201802846474,1.0
226,1.2051490407591574,5.6841306372534035,6.7688385539986236,1.0
227,0.2928168149956704,0.14367256516440713,8.474475201998114,0.0
228,-0.9526065579782711,2.615564054600039,9.19489813854329,0.0
229,-1.1771697291615943,-1.7120521554286885,16.737295136149474,1.0
230,-0.015251599583659263,2.667167028066473,19.504995423030287,1.0
231,0.47028966045237536,-0.08461444640535593,7.5916845158261035,0.0
232,0.4344605747294551,-1.801230948261794,19.827902180542942,1.0
233,-0.09889525725937472,8.34111988639312,7.193758429030559,1.0
234,0.7754200603895884,-3.4285462194880525,7.613388997298296,0.0
235,-1.3454027782684543,7.014952019744678,13.014162829729495,1.0
236,0.33225031922216497,0.5551829315524603,10.880578122790913,1.0
237,-0.3077276545276208,2.2172093176161605,10.448406284417729,1.0
238,1.7231575009927949,0.2926272394909035,14.712381687730527,1.0
239,-0.8664298901252756,1.7801707470156822,12.8341929266651,1.0
240,0.11592411616181499,-0.1434086991964696,12.630591379272818,1.0
241,-0.8976640080641539,-3.296310118094542,3.7862847036859026,0.0
242,1.1243625685354792,-5.497958996485404,9.009550142847978,0.0
243,0.7482144680279017,0.39056159954531205,7.994969163244672,0.0
244,1.0643198054917622,-0.778621439094928,17.48028380554983,1.0
245,0.38814913553267516,-3.9116165925242266,9.945778124706171,0.0
246,-0.5378286573841385,-0.8008694611859418,12.225411748825898,0.0
247,0.15464355882962222,4.415283082689373,18.92329951994158,1.0
248,0.7835892430442151,-2.7830300076502734,17.631650659155248,1.0
249,0.7273482224535252,-3.017788842763967,8.820332023490533,0.0
250,-1.4585671123806512,-0.6473177277219142,9.601063196123167,0.0
251,-1.3609146991850394,-3.722282441543234,7.583349648293563,0.0
252,-0.04456615578076276,-1.9755343830392667,15.411794284493443,1.0
253,1.6348588449924804,-1.5991937389358655,15.258519794432395,1.0
254,1.1726467638740463,-4.150590092722492,15.579100162744732,1.0
255,0.0746731270627193,2.105896043210305,13.910742463215492,1.0
256,0.8498973104233735,-4.045935846451034,14.962379855377431,1.0
257,-0.7982820267470389,-7.765078401254856,3.1903151811582244,0.0
258,-0.7246306987238772,0.15537621251005101,6.026442182387958,0.0
259,0.2895257254472288,1.2900933307748825,11.500058300156137,1.0
260,-0.6810452722595411,0.37489284890438546,15.363681581799835,1.0
261,1.7371629971858433,-3.0674809044447358,8.591806158942095,0.0
262,0.6420497212939407,0.3453180860594085,5.6589286775370775,0.0
263,-0.34191145185695926,-7.31574161509695,10.673240519854211,0.0
264,1.089415862325768,-2.6054571006937026,9.259220054992563,0.0
265,1.785449004679656,2.0322359514894144,11.856141555144825,1.0
266,1.811408152806781,-1.1593727157198324,9.495965983306123,0.0
267,1.1680799230709056,-7.285238031047207,14.263647495445452,0.0
268,-0.986553254857482,2.212940298474456,13.23074235663507,1.0
269,0.5425694260153145,1.0868638094370024,15.134553637811397,1.0
270,-0.7485350084648379,-0.8138892068840395,14.433456005361498,1.0
271,1.835461617017442,0.5402270113964547,12.78135068419433,1.0
272,-0.3899555504103795,-1.6020903028244144,19.527404326063998,1.0
273,-0.943566265907283,6.277381265970442,20.506909044699924,1.0
274,-0.09195338514728232,0.936358473574758,17.22196340603712,1.0
275,-0.36000014508032413,1.8702108559452797,14.240084348575255,1.0
276,-1.8183917814387676,1.6482667885043067,14.30417548396489,1.0
277,0.3446690340541007,1.7648498310834912,8.061753259102154,0.0
278,-0.48458352340906197,1.9611557024048245,10.607429241274765,1.0
279,-0.6870843910700069,-2.530998906747864,3.874093505433061,0.0
280,0.9512360701962952,3.249545810425401,18.36600132155557,1.0
281,1.9778224367289239,1.2336467915420375,8.900259625479473,1.0
282,-0.6100192162659144,4.838108981551601,9.294093432053181,1.0
283,0.45889442938172964,-1.399048209006454,13.489999058074448,1.0
284,-2.5881145740119114,-2.1172533271574396,16.409064752373308,1.0
285,-1.9363587890835794,-1.7155075845536254,11.9342830032901,0.0
286,0.7024380983180685,2.695008243233235,18.08216027573068,1.0
287,0.6575323169432831,-1.7580866505090138,2.916396606072869,0.0
288,0.5338360616895761,3.7590101154932234,11.62519102969746,1.0
289,0.5101369780836472,0.8526767520045673,20.005053534050944,1.0
290,0.17976610381988375,-0.9441809764246506,10.586655681326723,0.0
291,0.2790952846311748,3.3115651668244714,5.705286418379475,0.0
292,-1.448053650708838,0.5232892266543511,9.210210767044861,0.0
293,-0.523414647398617,-0.37845790135587665,19.133545062405908,1.0
294,0.4272865002455728,0.9014538319869484,16.770090172347235,1.0
295,0.4483473669002757,0.5690334432204216,10.317352240953033,1.0
296,0.19997996520337857,-2.979505973127225,14.058672631015886,1.0
297,2.3084526641977186,-0.38055372491065753,11.387830838152746,1.0
298,-0.3906199319682773,-3.413672569703465,10.576081323923786,0.0
299,-0.7878188048276286,-4.2933193294958185,13.133701547091398,0.0
300,2.482406534531151,-0.25965804929115527,10.264534624629187,1.0
301,-0.41518302524372397,-3.2854160142658966,15.870569048896078,1.0
302,0.14992925455623402,-2.555805175238934,4.019939998627037,0.0
303,0.8002949581520947,2.5004111570994105,9.222459168045749,1.0
304,-1.1248136792650785,1.9274431983890008,12.993247722007279,1.0
305,0.4279358633901079,6.066700935388637,12.852170345785538,1.0
306,-0.17847752808971679,0.3827967851067413,9.745840930394174,0.0
307,-0.5440404315564641,3.4158698360436004,9.166104075854149,1.0
308,-1.6131809360386564,3.329375498472988,16.750594610958643,1.0
309,0.96113587169194,0.7933255558531109,14.556019399738853,1.0
310,1.5989803995560967,1.2325566154687042,15.927331442544244,1.0
311,-0.6138701676679441,0.06297304282517849,17.314898435544425,1.0
312,-1.17601401264102,1.306461335203795,10.563637118849226,0.0
313,-0.6756033733454752,-2.0317824247232315,15.520040808677772,1.0
314,0.6674219631422621,7.509351289843007,11.20051578935166,1.0
315,0.2034765312759539,3.377802579298404,11.873980308565963,1.0
316,0.731273969938502,1.9220170515759807,16.765403458377573,1.0
317,0.3856478265375672,-1.5493364396381764,16.954774101914136,1.0
318,-2.163201096627101,2.8440794604631137,11.349707893936472,1.0
319,0.6723281414392618,-4.759192282636416,8.259582181464978,0.0
320,-0.15736376461093465,-0.3213225564599054,7.803032499149356,0.0
321,-0.3526903597327006,-0.7784825303724339,10.767209124730531,0.0
322,0.06109029510422958,0.004844709402924339,10.914182045186136,0.0
323,-1.746023383249499,0.6287920961258361,18.50435814996548,1.0
324,1.2020119211642526,-2.525706200726821,9.980637926929909,0.0
325,1.3216086337942932,4.0479843730295215,9.620092073320034,1.0
326,-1.847615976382247,3.206137801969856,10.914044679350463,1.0
327,1.0298699626592076,-4.217664326709333,14.110560140276888,0.0
328,-1.8514945683855166,0.24711960317975215,11.154416370943775,0.0
329,-0.3225817321434887,5.331877771793368,4.164353419490297,0.0
330,0.3557595514800604,2.327558142950714,12.025323049237127,1.0
331,-1.2401187076317086,-2.0442876633591625,15.320133440762845,1.0
332,-0.7411268674935632,3.029810767365089,6.074214924331524,0.0
333,0.0864620054335583,-0.7310938567648437,18.329984057483557,1.0
334,-0.580666220459134,-4.020109534325686,10.419986332882864,0.0
335,-0.777977672721968,3.561247471353004,18.291570148972696,1.0
336,0.3024738904956648,2.963329474636552,15.669778913118328,1.0
337,0.28559958159824744,2.012189478453746,16.136851079909864,1.0
338,1.7281793303067474,-5.506871538248578,14.617858650887882,0.0
339,-2.1367401999859106,0.2901649433749044,13.276531632035915,1.0
340,2.4100421175243745,0.1908914719963153,3.2836996674342647,0.0
341,0.898186188853801,-0.22737099731846533,14.148731800532031,1.0
342,0.281475776142733,-1.19689961444536,16.340542760770916,1.0
343,-0.21330344631427262,-5.514856984823666,8.52763036185906,0.0
344,-0.5876055879277668,3.081265570380313,11.864247106388486,1.0
345,-1.1674237315814788,2.4238527441358433,18.10813998902649,1.0
346,1.178572112817748,3.3860866424455756,9.044929887124404,1.0
347,-1.1540334883887788,-1.315026836043549,10.940791760286139,0.0
348,-1.3956744564609542,0.6820718350600277,14.368227016090529,1.0
349,-1.2716511133506625,-1.1753693870181512,8.477017778531067,0.0
350,-0.44269842286878897,1.1759525296733946,13.117132889607923,1.0
351,0.20048693365599168,-0.34785427274832126,8.511768774198368,0.0
352,1.5292686740681847,2.9933417354929963,6.595491678190683,1.0
353,-0.6190683265493988,0.8606869048560652,10.360130074527007,0.0
354,0.26924192519968415,5.08982008490256,14.739963115603306,1.0
355,-1.0918806090656705,0.44083530161913986,16.512612683453227,1.0
356,-1.6793011922960803,-3.4416624387082018,12.90548633120946,0.0
357,0.4796278450384397,-0.7943263821282884,16.44952144726226,1.0
358,0.7082351104653629,-2.515925210570646,12.501768499716512,0.0
359,0.6934912215364706,0.8772557352882544,12.040855934067746,1.0
360,0.602265363127491,0.4849912967794656,8.368319629004699,0.0
361,-0.8218257617903111,-3.6716847134998014,15.003032968733535,0.0
362,0.031479349391524865,2.2331846789762713,8.467078462533035,0.0
363,0.5832066265826678,-4.826053118694052,7.079629762898469,0.0
364,1.1645683815509211,0.5608365160153168,11.803896638251748,1.0
365,-1.060202101903345,0.5441000084985737,7.719698954309879,0.0
366,-0.42388452657221926,-0.9980168319077785,5.972356701925801,0.0
367,-0.6969942120796588,-2.8360196630884253,12.568258161836972,0.0
368,-1.0592702396452751,-1.9178657750141528,13.749218604996468,0.0
369,0.34603037659959646,-0.9115804513221863,8.688281718888426,0.0
370,-0.09406218485776884,3.1906630874856283,8.434735613314892,1.0
371,-1.757204765326125,-1.3610441103338218,14.793244672040789,1.0
372,2.595274242216996,-1.641698283769006,8.062579977901105,0.0
373,0.6944898160485201,5.1985272375606115,4.751047787428215,0.0
374,0.18583458857263163,2.0456883981180995,15.966218212353292,1.0
375,-0.4541160736086871,4.4848121957026015,6.0887133403882245,0.0
376,-1.1298273816966429,4.526064368157993,13.896862001938153,1.0
377,-0.5350050578204315,-3.44217729803007,8.028025996198867,0.0
378,-1.1697866289963965,-0.16948117958094455,14.659123775699817,1.0
379,0.7114110162150912,1.5558741662807754,9.938647224975131,1.0
380,-0.8872938511035265,-2.349660903185409,10.1543650364604,0.0
381,1.330882032641321,3.720998270603334,14.163961670984545,1.0
382,1.2662034295365971,1.5358764557269526,9.21153376079348,1.0
383,0.47301255949335674,-3.988597447099245,14.073151925166892,0.0
384,-1.5465216345378483,-3.1000561452347233,5.355556816533076,0.0
385,-1.1821982845069232,-1.1847461358998592,20.54342808611807,1.0
386,1.6964828530296558,1.518900741884296,13.954094008720993,1.0
387,-0.11284788017422642,-0.36778894979970433,2.4947239795011367,0.0
388,-0.3489794451985237,5.498693151758058,4.7886659079266,0.0
389,1.2184874057083923,0.6153306656970516,7.842321204858068,0.0
390,-1.2870155492507407,-2.89069814901251,8.761403193863572,0.0
391,0.3320609882026182,0.08213189237539575,11.991185174789422,1.0
392,-0.25816611331562106,-0.4295136608081629,7.66777867251231,0.0
393,-0.45899046305125524,0.6898326207039183,8.27294864656933,0.0
394,-1.0947401078018129,2.799606171449661,6.804115034861226,0.0
395,-1.2051705265626742,3.725275125752375,16.84617223990353,1.0
396,-0.4620322437901069,3.174160152239141,11.860433999040607,1.0
397,0.7142198059462002,-0.03450910258474577,14.65617890016651,1.0
398,-1.0652862218062937,-0.3156431146336003,11.99060390055699,0.0
399,0.4903172096968377,-0.09789024485993159,7.970386216026493,0.0
400,-1.2576421192902436,-2.041001770924306,19.24549857531748,1.0
401,-0.027296811804880503,-3.156008413390427,9.41996829520385,0.0
402,0.9846983570145995,0.029648266356387384,3.8692492971411134,0.0
403,0.2353081744458607,2.4390647996424093,9.063655749818874,1.0
404,0.3900200907361761,-3.4062420976822656,5.084452798593054,0.0
405,0.2149433142240973,2.550431800604636,12.398895436812053,1.0
406,-0.5565817141921345,0.10533732673720798,5.993606657570118,0.0
407,0.21671253327106427,2.2859169277435716,12.775032171253425,1.0
408,0.04571398204998961,0.7598253506130148,18.140979936209476,1.0
409,-0.3124307119111232,0.3497429331164307,14.716050975107576,1.0
410,-0.17007461915180688,1.467160333196536,11.142485993251633,1.0
411,1.6425414768371984,-0.021479742377442605,15.231645284887582,1.0
412,0.05965148304433303,0.7849287889074964,12.971396572523457,1.0
413,0.4852566885068645,-6.77178937361807,17.070962037149748,0.0
414,0.6687512752492182,3.2873490919427537,12.99847983090994,1.0
415,0.035534474588016375,1.7960577055392244,4.812514545354572,0.0
416,-0.1873948700727151,-0.26208529094992633,12.936474309085394,1.0
417,-1.1259678238258628,0.911932260580526,3.010519101776051,0.0
418,0.33847465310529945,3.780003574297416,10.490275708681468,1.0
419,0.06650652569645793,-0.8903191655202292,15.803479945339996,1.0
420,-0.388461107001651,-1.062200792700246,5.559424035650596,0.0
421,0.02004799893941762,3.060085552759599,14.552550111803976,1.0
422,0.025449867708174378,-4.06043923200005,13.352511391678078,0.0
423,-1.6424125999779253,-2.954287032359305,11.434768103767903,0.0
424,2.740920567381875,-0.6431518003811046,11.045161993910213,1.0
425,-1.4869263886974164,5.837411530441699,11.775215452338005,1.0
426,0.6884986397386007,-0.21462154111703297,13.615364191242014,1.0
427,-0.2356128642366525,5.437041472620057,12.90906408439561,1.0
428,-1.2188392002498154,-6.212308719045973,9.819823705750098,0.0
429,-0.5658997814211942,-0.19414850101883807,12.433746035488562,1.0
430,-1.6298027705827878,2.4880994419046423,14.28117098787554,1.0
431,0.17874420426750437,1.4307496055270281,13.157839821096152,1.0
432,1.2808019875360286,-0.288096587483553,19.785179127502275,1.0
433,1.2849411772013777,-1.6843558891177162,15.49940026601965,1.0
434,-0.5662992888727253,1.0923820843809333,12.419441630386968,1.0
435,-0.496798055347888,-7.368404863934374,11.968745298006207,0.0
436,2.007440831591298,0.5744167381353122,14.893635051359286,1.0
437,0.551047060755871,-3.270803037919911,19.351361331988695,1.0
438,1.7662088832071783,6.214365506613261,12.936492653865528,1.0
439,-2.3653065018087767,-1.328890131036347,11.26533216795685,0.0
440,1.5870642455983757,-2.10174054165741,3.0753073774280164,0.0
441,0.2856362435122329,1.6366016930460465,10.59328515735157,1.0
442,-0.44861372974523184,0.8908912641470847,8.752971962622013,0.0
443,0.8619782805028978,-1.6139917090844367,13.252932574825207,1.0
444,0.11030189938422776,1.7713308543523154,15.66348677970404,1.0
445,-0.821263169943389,-0.6737863251888433,7.551690382370057,0.0
446,0.42223058616481,-1.951880020148429,13.951135581658482,1.0
447,1.2495089488900883,-3.0442388421551163,14.405953271376726,1.0
448,-2.3421925549203726,-2.9466548128341157,14.75142672001628,0.0
449,-0.6503932952169628,0.7725693255625559,3.6561048578152047,0.0
450,0.6285652086307131,-2.458472900609939,17.309025601228857,1.0
451,0.1836353616315376,-10.226017493559745,4.924313993424413,0.0
452,0.13583225704501034,0.3052083433539185,9.37683032388716,0.0
453,0.4566020462323074,-3.304018615644223,9.155623443110631,0.0
454,-1.2735630116422485,-4.475289602631032,13.541603097369965,0.0
455,-0.03082706691133234,0.8162411570200852,9.199707330617727,0.0
456,-1.1191991746628833,-3.8669534903961003,15.542738265803811,0.0
457,-0.4902544916926376,2.3242738808741943,9.052726112745095,0.0
458,-1.6678337998758572,1.015985041667793,12.205060204128433,1.0
459,-0.5860248641397721,-0.6679328169780567,14.95029470020841,1.0
460,-1.3577840830814139,3.401442690371801,8.299787328580605,0.0
461,0.197528684422357,-2.105344842427451,13.664390089917147,1.0
462,0.04465545323121014,0.8605570802946632,12.606467619214662,1.0
463,0.9374135782863479,-2.4817147392322854,16.166551303986946,1.0
464,0.18750757770056048,2.024116714141441,6.696345648914232,0.0
465,2.099966841801032,0.3715942619586502,6.899313558371427,0.0
466,0.7388129925648897,-3.000555461560567,8.46591026227527,0.0
467,-0.8319544482497258,-4.39023016158254,18.316331335643486,1.0
468,0.10921107537433986,-1.7728074404782497,11.374955137751414,0.0
469,1.33136490213803,-1.1524723801565735,10.052423497793297,0.0
470,0.5803047180342841,6.834604415634141,15.87429699518935,1.0
471,-1.2460998842940147,3.3003646039262557,16.322121570717503,1.0
472,0.04659289203823882,3.4758054691165925,4.29837286916846,0.0
473,-0.7404554761697371,-0.17144485599124096,11.72125647660535,0.0
474,-0.12337823346464981,3.356824150439002,13.661645593982275,1.0
475,-0.5699436569248344,-0.10833835516912868,10.878670910579881,0.0
476,0.41742740185739646,-1.2515241241167303,2.3175985175483564,0.0
477,0.07948936100328899,-1.0337817379855716,12.316156857543406,1.0
478,-1.2767299222818471,0.7049078459183842,11.436703913532265,0.0
479,-1.6259423802808144,-1.3020839980487677,11.327079637628948,0.0
480,-0.4250210996481429,-1.3369690369793032,5.113800730086881,0.0
481,-0.12273726058682796,-5.2174145902803915,15.138552624815722,0.0
482,0.36978638774729383,-3.6415251453512054,11.303762024947797,0.0
483,0.34742822910669957,3.8022354984208624,8.646677140926332,1.0
484,-0.9346273126317106,0.3553796887117305,4.194920779834758,0.0
485,0.11343070376489832,3.812305938748805,11.742239056086875,1.0
486,0.4554507955966455,-7.819600911576755,6.502300792139404,0.0
487,1.1735660416298301,4.167412532642635,2.33886785314235,0.0
488,0.10894529097737891,-0.14927797486731426,11.725847594080623,1.0
489,-1.2516376776802256,-5.982849775910717,18.871530064497485,1.0
490,0.05627545757836356,0.6012411321809148,8.137898108051896,0.0
491,1.081980026011723,2.6614415474264073,17.722867099535012,1.0
492,-0.7363826206851992,2.3242708356431327,7.702807672951086,0.0
493,-0.1397918427751689,0.8488739501866943,11.493343788627687,1.0
494,-0.3975651700100838,-2.5163675579346823,13.563327319596866,0.0
495,-1.3717299850986535,3.2718570209344806,15.312662520888434,1.0
496,-1.4481746185785076,-1.3341355105317008,6.6783545636980435,0.0
497,-0.9389891972893487,4.062379962745618,21.211198252358777,1.0
498,0.3648470140116511,-8.687613321300129,8.456695660825782,0.0
499,0.9757354342606847,0.24995318866203742,11.377176370302188,1.0
500,0.16243630576914514,2.395550073180634,13.89897226099816,1.0
501,-1.0652221187201205,2.437409266865081,21.082309659298943,1.0
502,-1.1778852267227289,1.692862224892424,13.124593036211875,1.0
503,0.23728380743077415,-1.734854528880656,13.463946264845967,1.0
504,-0.7543171220980964,3.1861541089214036,12.549595653013025,1.0
505,1.7355443008473788,-2.5504825993877387,15.797081850294582,1.0
506,-0.9932375182467846,-1.6202280450021602,10.959583577775565,0.0
507,-0.890798636595086,-1.1842414631922054,5.560421767301281,0.0
508,-1.569353647301089,5.46350836563658,14.694792416602604,1.0
509,2.452603145485368,3.0213318363117674,17.725956616383602,1.0
510,-1.5834477201781407,0.49945028291850524,17.87911360841317,1.0
511,0.02698330149769705,2.1877120039712246,11.090484210628755,1.0
512,0.1781189559671758,2.7305499970994016,14.331164610314397,1.0
513,1.1410024960940472,-2.0399184260312797,13.26222560926131,1.0
514,-1.0764573576620728,-1.8955929668638638,6.5927649270976305,0.0
515,-0.4060409432722082,-3.1386898648663992,19.06482943703532,1.0
516,-1.3004882514423566,-4.798385260998506,8.148405073723946,0.0
517,-0.09165858540767445,-2.1669873319131674,13.038114551070013,0.0
518,-1.2034336701581503,-4.4291798621861895,13.10194517901554,0.0
519,0.6287554148469789,-5.493639001560742,12.440948219214548,0.0
520,0.7444164212228349,0.5011412353073976,12.709517449265048,1.0
521,-0.29944834373601564,-0.6846541288311894,10.332295821698992,0.0
522,0.5308916701236068,-0.1383508924090705,11.382605771313434,1.0
523,0.7475555271513432,0.6739521063048678,18.943286163915957,1.0
524,-0.05591241485708065,-4.624088689564695,6.9708624546194455,0.0
525,0.6038271688326281,-2.3585683122967325,8.369236821940856,0.0
526,-0.3958994423144885,0.6761009724135585,8.594297979319279,0.0
527,1.4382603422320446,4.167443570195019,11.386698565518616,1.0
528,-0.15295327192367258,1.3385913027157061,11.309086133386318,1.0
529,-0.5056106546889667,-3.247440795890034,11.237751464327847,0.0
530,0.438286327592985,-3.6930976577297736,8.890484028742044,0.0
531,-0.06647647326099627,-2.2274968048551713,13.002483801867008,0.0
532,-1.2402466532972227,-2.5249968533056038,14.094843864795145,0.0
533,-0.4940300197919183,1.1198326722893641,15.447528659598436,1.0
534,-0.15853685577587112,-3.3710581921615477,13.880398653602084,0.0
535,2.376038735259308,-5.771193557708116,7.101599975672063,0.0
536,0.3401023844334816,-1.5797964192077412,8.325178560891187,0.0
537,-0.9416479407107158,-3.947894603543821,16.398169952335905,1.0
538,-0.27413237470807067,2.961882858080695,10.03395427510029,1.0
539,0.7054336631714647,-2.9274797346938266,14.941145610434752,1.0
540,0.04300889490704403,-1.366907987744407,6.075105691448957,0.0
541,-1.3301128573256003,-0.7544266315732139,13.864113259594586,1.0
542,-0.571797869488575,-4.167524095401237,14.606513111611486,0.0
543,1.650873513575629,1.216830216746909,14.729968112572882,1.0
544,1.263845172885538,-3.5748202608695667,6.666339502800036,0.0
545,-2.702416842410945,-2.549003040910257,16.65070796218099,1.0
546,0.09304993539220349,-4.6299294641013455,7.588420020545183,0.0
547,-0.9959630333134661,-1.6311635329487308,18.312611827480776,1.0
548,0.38143959695713053,-3.7963480041691344,9.71725967559525,0.0
549,1.0395791282786324,4.01847614701318,11.990741608690499,1.0
550,-0.7752950318131607,-1.1008724993713677,9.989159262128524,0.0
551,-0.036694924673928056,-0.418655336075699,10.890222156369418,0.0
552,-0.11396386195115807,-1.7767280910432612,11.415780904138744,0.0
553,-1.7502990819994595,1.862476631042457,12.177941022486477,1.0
554,-0.6656388930177484,6.640885137927136,11.989057565239758,1.0
555,-0.5058480495407268,2.5509485200522097,12.859707392781782,1.0
556,0.2323718070699544,0.9470439006972767,16.53894410660378,1.0
557,1.1293628984822446,1.6225022783569085,8.492309163858934,1.0
558,-0.338696106339554,-0.2926049190700654,15.894264867494304,1.0
559,0.5439655306019184,-1.2060785468604158,13.33377070259723,1.0
560,-0.5068844638381733,1.05973315765161,4.492758031885822,0.0
561,-0.5569095386475533,4.378830880799562,15.429655506448274,1.0
562,-0.5856338756324654,-1.2874868261871568,5.606844132700659,0.0
563,0.33060808168147865,-2.456148336120675,10.181547275428134,0.0
564,0.040089720753021446,1.0644664777107862,12.774578699764493,1.0
565,1.0971531162557653,1.7072198865798338,15.656746005369524,1.0
566,0.44719380266432374,2.9468824125661817,11.001149714137409,1.0
567,-0.5742453180265398,-0.5255712816452707,6.043045814271495,0.0
568,1.308622101968643,-3.0043665439133216,8.897935271250809,0.0
569,0.8982585344026738,-0.20851580633437972,13.979768291498935,1.0
570,0.8164943215517847,-0.2766770805992214,12.112896668467673,1.0
571,-1.460184052162437,2.99685150077025,11.623940754024503,1.0
572,-2.309298163673662,1.8215868702238875,18.753000380121723,1.0
573,-2.6911782177371895,4.521753520543074,13.904435939700816,1.0
574,-0.005995060560351995,2.5862624555344325,23.766694562251896,1.0
575,0.8733764340267118,1.0808550768496534,10.85329177146151,1.0
576,0.7581989823805754,1.2904596383517364,5.139508771793803,0.0
577,0.5204917279798689,1.8444562899001915,9.78194282428649,1.0
578,-0.45177120858861025,1.4908120711096555,11.820877209702592,1.0
579,-0.11442750193322215,-2.036947892666529,16.334026484183198,1.0
580,-0.05235219008401581,-2.5559429113166456,20.03904792084525,1.0
581,0.012450122408362616,-0.7810213428764552,4.862836230142303,0.0
582,-0.49670688949646546,-6.016923628943126,13.555000681117575,0.0
583,-0.28197034494167417,4.554205710907362,10.229647263766296,1.0
584,0.4654824432203211,-5.2054213180130695,13.703793487863999,0.0
585,-1.4017694306380606,-0.13794584672356952,16.09504959556597,1.0
586,0.989506970459188,0.9755947769392003,14.07925904492544,1.0
587,1.0709467626169047,-0.9902320725745647,12.615660177509861,1.0
588,0.5184812263796562,0.41917795917840445,11.903603117231247,1.0
589,0.4352543590697727,-5.587860465060988,10.99069118157646,0.0
590,0.9571654768842845,3.296577144086078,9.238037334240442,1.0
591,-1.8285423117819455,3.941463958153343,7.174462620542603,0.0
592,-0.6626886637494931,2.0470746860274707,13.231510228028736,1.0
593,-0.8689232591914883,2.434676150397051,16.368905074432604,1.0
594,1.1534324417646327,-3.8218060614187728,15.743537188398527,1.0
595,0.02291298458390084,-4.005009789671552,9.984851434931434,0.0
596,-2.0202087251017757,4.248601528605645,14.980437205788357,1.0
597,-1.046279767936384,3.719308192922993,15.727403397988546,1.0
598,-0.6833251392006869,2.4081738029095496,6.371257517906587,0.0
599,0.2969683630108769,-0.40590155756394064,9.654750203628755,0.0
600,0.7883542551619842,-2.0398285695634577,11.266306511368978,0.0
601,1.2650326060176695,-3.1737133030032423,7.558114242610177,0.0
602,-0.3950551628768333,-0.06060114055063022,10.42367852787737,0.0
603,-0.2130167368613419,4.0134054440538645,13.50423034981962,1.0
604,-0.3530571545653667,1.2560712889524783,5.102808054254074,0.0
605,0.8422615446653033,-2.902682604618702,13.223451094471162,1.0
606,1.13017739151588,4.240488611523901,16.39759729638693,1.0
607,1.1950212028438925,7.694879148485144,18.44778717561375,1.0
608,0.1640191447120961,-0.9503805318157943,16.844951895448094,1.0
609,0.5175962868122953,0.19556624048652615,17.94962969890268,1.0
610,0.5919644270390012,-2.331856467841101,12.822212297536295,1.0
611,-0.6783073695945712,5.109701808685381,16.608204868644634,1.0
612,-1.2133265727026614,-0.6834220958819319,8.205983406779167,0.0
613,-1.1488038208641775,-1.5614719601194134,18.414181395087084,1.0
614,-0.767336366315771,-4.16267238713603,14.569375943009323,0.0
615,0.4489658828614408,-3.9396141006232384,10.312403313716594,0.0
616,0.06934768287817071,5.811533736909494,14.890927682456523,1.0
617,1.1796246107989885,2.8957314709301603,12.935862587776317,1.0
618,0.8904639480752496,-3.5276734111166324,9.500426017052238,0.0
619,-2.2375689559849903,1.1290927644445892,10.496761670370278,0.0
620,-0.35050203645446737,-1.7142308496656224,10.688489240339578,0.0
621,-1.3038971947662283,1.6047062263236986,11.190360407598996,1.0
622,-0.8853311721628936,4.811251346633037,12.583563556590041,1.0
623,0.8628505726845757,-5.076567601406915,13.64388543355572,0.0
624,0.8457951185185522,-5.365416664195028,10.089764338776439,0.0
625,2.301425177752337,2.967841470148609,18.58739849119972,1.0
626,0.22090132488209244,-1.9248215766560866,11.688957361660087,0.0
627,-2.6488346676194277,1.9602924363290997,11.909344753317903,1.0
628,0.06643685771698514,-2.880427405052759,18.314491512940325,1.0
629,0.9561208282574277,-2.1141825722422363,10.329730847276217,0.0
630,-0.02502670768360845,0.5149155821933464,10.400344421122309,0.0
631,-1.3603252975954723,1.030048878491097,15.73268180709881,1.0
632,0.7644607340500439,-4.009219982875076,4.398199134017767,0.0
633,0.08008416554689059,-0.9255431106544498,13.87521244956895,1.0
634,-0.2726900567622465,0.4303552283412783,15.84169298453779,1.0
635,0.46340957207059563,-3.6231091961712174,10.157140123070839,0.0
636,0.6807393675693194,-3.6502699904756613,15.116013081467413,1.0
637,0.7748436347206191,1.0449889177072438,11.491217674100772,1.0
638,-0.9312240228459663,-4.173463731537185,15.78032218215942,0.0
639,1.1301899786806728,-3.8931458653685445,3.8430798883687807,0.0
640,0.4194089147864677,-3.8302166711743366,11.031020204872382,0.0
641,-1.8676932088481133,3.547537928215218,16.6851355227115,1.0
642,-0.6241561081807722,-4.782097963480012,19.18388445027491,1.0
643,-0.5311634818943692,-0.4971309377551336,9.084468046716234,0.0
644,-0.2494536541149387,4.110398664549708,13.997018827006112,1.0
645,0.6735680223091182,3.1666422825402023,18.671975357483184,1.0
646,0.9369966125913267,2.3950492038352085,8.224280060901378,1.0
647,1.9037985748328272,-2.1796801934791605,8.754688250968659,0.0
648,-0.9455198429263821,4.150095353315564,14.716258027319524,1.0
649,0.20784544130264135,-2.4700021351939303,14.886386659436885,1.0
650,-0.4538602152066796,1.4691459661573016,7.2933421758011825,0.0
651,-0.8268940654561749,-6.315135739504834,12.626529912231131,0.0
652,0.7788242696548912,3.396594979624423,5.011834975563303,0.0
653,0.1609573064765702,0.16926801688847373,6.223779304939999,0.0
654,0.8973983057579594,0.1350419973920837,15.22784324170549,1.0
655,-0.9121146884177116,2.5083273221862727,7.502384636288386,0.0
656,-1.9375166940245219,2.8950784768323583,14.521426315797838,1.0
657,0.49708669393382154,-1.1305431583638574,10.083264902742693,0.0
658,-0.5621403930065688,0.9576492031527715,8.282242655542536,0.0
659,1.681752107682618,0.3995539899752024,15.971510394786264,1.0
660,0.26848355128167384,0.14369484267543187,9.204310811786758,0.0
661,0.45753713716555583,3.3817135420150772,3.9229136378270493,0.0
662,-0.34297673709212584,0.2667489093508839,16.231731624578632,1.0
663,-1.3581281430753265,-4.887195063630648,7.912947399655957,0.0
664,-2.026898562291592,2.099953136045935,7.725499311712331,0.0
665,0.5040471102248887,-6.022589912519162,10.603603094864726,0.0
666,-0.5995850770835746,-0.48781400076120984,12.5209199101863,1.0
667,0.054453407485686736,0.591893396376143,6.954268686560873,0.0
668,0.7290269638152291,-2.2097490525586068,9.667353234804644,0.0
669,1.335282361647307,1.1254378660735738,10.327775759173008,1.0
670,-1.4922837181232562,-0.9893399518172832,11.402831222629748,0.0
671,-0.65373484077933,4.236663819375216,15.028965292600818,1.0
672,-1.3029330218816684,2.475658478381159,19.36286143388664,1.0
673,-0.0507293605354155,-1.9996786072263748,13.331282233733551,1.0
674,1.3401771674417953,-0.7142541599727441,11.226439153185352,1.0
675,1.3855248903196729,1.1566183785807613,16.750259426861927,1.0
676,-0.9103866065134573,-2.326499621266664,-2.061366809257411,0.0
677,1.3823289317380907,-3.3375628610984474,8.123273731280328,0.0
678,0.5801629016607152,-0.938818595977968,15.05912409033245,1.0
679,-0.8275586432107299,-2.552554768411291,12.291714728367456,0.0
680,-0.8528277558457297,-3.6418757060804485,14.446251085869806,0.0
681,0.037265762973287535,-3.364602867093762,12.271681393683489,0.0
682,0.8474281255153779,3.140735374950831,9.193447814835059,1.0
683,-0.4896306488452766,2.1273140535295374,11.651377999019205,1.0
684,0.5261286716243645,0.8629673408724395,6.258720633902274,0.0
685,-1.777633780969152,4.515366971847326,18.08479337305695,1.0
686,-0.46340600862837145,1.6880444052475576,12.695934420957627,1.0
687,-0.5299527098381192,-4.1109285448236195,8.353084369547071,0.0
688,-1.0807846994692718,-1.5406374947196806,10.977123313133507,0.0
689,-0.43721654149281763,0.8497136172283163,8.43707601935957,0.0
690,1.454550905228367,-0.353459249855941,12.220317090705368,1.0
691,1.4750680922257653,-2.965548087382435,12.924278657720276,1.0
692,-0.8293470752300204,-1.962574566818433,11.779160165076329,0.0
693,0.8408372631805834,-3.5460649994200075,22.357785623491033,1.0
694,1.6913991206019428,2.895098951105157,14.093167848199151,1.0
695,-0.6904429804994978,-0.8581879346112204,17.430710386047476,1.0
696,0.5307008811312286,-3.305282864048457,4.130383780023837,0.0
697,0.02556839242801966,-1.3794129680238632,18.48345253566502,1.0
698,-0.912453729714819,0.515342036096923,16.43820717626196,1.0
699,-0.824578158160525,-5.8884641319207445,12.000413801032897,0.0
700,-0.1629283927010039,1.530575005781679,14.134598506939724,1.0
701,0.7312899856418666,-2.314310984027439,17.89636457333089,1.0
702,1.1436467216299087,-5.248590284555713,8.367290394230114,0.0
703,-1.5888931571871505,1.390153467371125,12.137431573841294,1.0
704,1.1568325126530767,3.4753742729414028,5.023635061708719,0.0
705,0.051435860787370384,1.8828111991601517,9.431460055400196,1.0
706,-0.5114951086882922,-3.2325328098969806,9.659792296208458,0.0
707,-0.6603913388283519,-0.9413033448559267,9.260490687770995,0.0
708,-1.4822177234289244,-1.9477276232765854,8.099273785508633,0.0
709,0.5372223819825864,5.578349896146678,10.507806430538757,1.0
710,0.7518370316983984,-2.8970930785687687,17.766571514203598,1.0
711,0.7999070868966642,1.2575688597464791,17.279685667584268,1.0
712,-0.9148089587955459,-2.216875078970287,18.057613231207917,1.0
713,-0.18353978722389958,-2.905166045303187,4.220949090233645,0.0
714,0.8650029979758775,-2.837454410771113,13.109315356022975,1.0
715,0.20791703525129537,0.2954645835543157,8.59802523690609,0.0
716,0.9965882642449977,1.5471023651997529,15.116193033130505,1.0
717,0.7156108174553993,8.460157144172037,9.119055590991561,1.0
718,0.21850132001436326,1.927881671689778,10.108926942319473,1.0
719,0.5613908206962014,-1.3951634296182391,16.813684766230992,1.0
720,-0.18217904082197678,-2.7530637258246955,8.873229640027375,0.0
721,1.2302880815386048,2.6918600989688692,2.0825328839496997,0.0
722,1.3780324209902253,4.125707843987441,5.161691375453357,0.0
723,-1.0358094410655765,0.951221870003952,11.918357890829036,1.0
724,0.753662559698202,-8.704395538412557,18.611526838194525,0.0
725,0.3959017510759432,-1.2429637998475465,20.17846658013518,1.0
726,-0.18286271648842137,-1.7811550400399092,4.203493636184687,0.0
727,-0.03373882551889537,-1.6262271596817652,15.620963473267965,1.0
728,1.3245876921593311,-1.3323282921601733,15.030784603142742,1.0
729,0.7700642672093069,-0.8373448260825216,9.992450384092722,0.0
730,-0.6357939684415418,-0.3222171038962998,9.715989834580288,0.0
731,-0.5720199149149381,5.043850645584897,12.243553393400909,1.0
732,0.7294763338309049,-1.736569054061392,18.916626417446686,1.0
733,0.4310359896104813,1.1431323646268046,12.07169487835968,1.0
734,1.5113861729879332,0.3739538447992936,7.041854407535703,0.0
735,0.37961104992482875,-2.206115127820183,8.69669441107535,0.0
736,-1.1504265684763066,2.291081958465321,9.774165913783238,0.0
737,0.27092953158523886,-0.6144154364963876,18.31778050039984,1.0
738,0.8197257282999294,1.3262256757177358,15.376583556244544,1.0
739,0.8331571418593144,-1.9468935347503098,10.98617750170955,0.0
740,1.3674905950864245,0.5643927204074206,11.880610454562492,1.0
741,0.4293035900225959,-3.0783638363576586,8.797691631114125,0.0
742,-0.6570099876452814,0.28802924787291007,6.7950733643111265,0.0
743,-1.1709757987689284,0.559260945323813,9.768319678041953,0.0
744,1.0688876096677646,-1.6163382680251157,10.955961894260037,0.0
745,-0.3802598159937406,-1.1681661545963045,4.231486908038585,0.0
746,-1.0782698654740612,-5.574696833499804,12.879116207421731,0.0
747,0.6315346301496587,3.036820212663234,12.688520933265254,1.0
748,0.15738376615715505,3.8172196298558707,11.902850806180492,1.0
749,0.3793099322254341,-2.502983799248941,5.791975877890249,0.0
750,-0.5633016282483605,3.710919218616547,5.085108174037843,0.0
751,0.29095579893165113,-1.5523070702093429,12.885792684875533,1.0
752,-0.9596001463762925,1.066449228331601,12.367368453578067,1.0
753,-0.9514631026040101,1.3980018101856562,8.708689915352029,0.0
754,-0.4412949971016199,4.446699838417539,13.822183030005377,1.0
755,-1.8690901965803908,5.744094574154511,17.52637181333598,1.0
756,-0.29774977407211956,-0.07121997257319233,11.841359148239894,1.0
757,-0.10495054248440111,0.8944142629878171,18.210032977392657,1.0
758,-1.698676282916211,-1.1798113104432324,3.770449384823184,0.0
759,-1.3069468957208474,1.5864259503118752,12.614731880430108,1.0
760,-1.080964870066954,0.7480785810460627,13.9102326073693,1.0
761,0.6922310199083327,-2.338897133562928,15.58306820158568,1.0
762,-0.6973644569746927,-0.7693596999710153,5.370740242270201,0.0
763,-1.1139524123794793,2.420096034473251,16.42116804557571,1.0
764,-0.9438513965272598,0.5798583163826203,5.495962944541343,0.0
765,0.4474214459616851,-0.7536775410158755,16.475835553181273,1.0
766,0.12356539477402234,1.4720534821255136,13.181885635715334,1.0
767,-2.0886441417366544,-6.0602758095202365,18.149095540583982,0.0
768,-0.9130462352404455,0.10536992540803944,10.70518342104716,0.0
769,0.4553347275020299,-6.279648502195419,10.973591979892264,0.0
770,-0.8142007865430115,-2.0241467736977468,6.203593640722873,0.0
771,0.3986325986518462,3.6307218082211627,16.717284511609712,1.0
772,0.7498232599816688,2.9334831827744074,11.902750709259461,1.0
773,-1.2217117751649202,0.24113721261824786,17.114028292122008,1.0
774,-0.6760798067869933,5.213555948430777,13.664314292942846,1.0
775,-0.15318206058050637,5.1776955351127985,4.415457056077004,0.0
776,0.4598240138948593,-1.6920999440030466,8.768723741600459,0.0
777,-0.18166915136269046,-4.950477561654547,12.582216475324577,0.0
778,1.396260771379172,-4.210601215840422,14.094836072698602,1.0
779,-1.2387564141319494,-0.9467184274767558,3.9078618662836373,0.0
780,0.7091169911495143,-2.239150498848934,10.499835262613766,0.0
781,0.6496592084158759,-3.053719305712903,13.171780376286026,0.0
782,-1.0671128996419488,0.9300226935300729,9.986615364805026,0.0
783,0.6305378362775121,-2.034248257453818,20.3338994929927,1.0
784,0.14477521230356583,-2.1355232899508145,10.662456344029406,0.0
785,0.699851685261383,-0.7659946115755973,5.896270771886985,0.0
786,1.0761120423430535,-0.33731464753372836,6.589975288901619,0.0
787,-0.43455505944611145,0.5688687345393713,8.965075095533358,0.0
788,-0.8145371993854644,-5.394891582246551,12.739015770684171,0.0
789,3.099920994237933,-0.39006877940564955,16.352150864029937,1.0
790,-0.47552058026137106,3.118727265995231,18.209145550653997,1.0
791,-1.4605706371251095,1.923054675788793,7.477543368954998,0.0
792,-1.3715255120146286,1.451938144179141,13.66655171310416,1.0
793,-0.023201054832965706,2.2402146882026797,5.177652749031691,0.0
794,-0.5914501482715527,-4.368946251314144,12.557637044070443,0.0
795,-1.3886317695114512,2.602972070861477,8.37365496967736,0.0
796,-0.03845913305700329,1.5507733076135684,8.48873365910679,0.0
797,1.761498449831737,-2.1140881992161313,13.569297184223828,1.0
798,-1.302065408287138,0.2777516867603737,20.114738568161577,1.0
799,-0.8034263401042402,1.2925804172895818,10.808955514899099,1.0
800,-1.452899774282742,8.672959446518824,11.04833450461122,1.0
801,0.2348741728005451,-2.809747110361191,11.14533616812064,0.0
802,-1.4496075950204557,3.476739204510512,9.780502977882037,1.0
803,-0.15148822159082995,-0.6719925214875755,13.750994014459295,1.0
804,-0.7025456717124893,4.7305532829529495,13.382628079289507,1.0
805,0.015059999945329236,-0.35865643226479527,17.322674097117833,1.0
806,1.0083305282893569,4.081410096965007,15.22343706308527,1.0
807,1.0173627198852047,-0.5363594227532577,10.935593130520525,1.0
808,-0.8058178655868972,-2.5731945219148633,6.687817373489425,0.0
809,0.049666637135226455,-0.5107933398983104,13.151938493152967,1.0
810,-1.576120602484258,-1.2089925999863937,15.58872720994535,1.0
811,0.03573449732928567,-1.6502034038675557,11.436821024556199,0.0
812,0.6618858946910353,2.5203742390294757,9.417431896178593,1.0
813,0.8328614639301136,-0.6147163090975107,9.441664077884996,0.0
814,0.9841176191068908,-5.619762431302998,10.415909980851996,0.0
815,-0.18628358989533092,1.5168550299174175,17.745275668128286,1.0
816,-1.1025206600763748,-1.5621871240816803,11.498293532674662,0.0
817,1.258133597851572,0.06710895242010712,17.100499784198256,1.0
818,-0.14366522423891934,2.9971960486406126,11.028622133430465,1.0
819,-0.8431148341807501,-8.540207519290941,11.159869918879544,0.0
820,0.6364731321426772,1.0032811730378428,13.745551535563688,1.0
821,0.7328248644842045,-2.5086026799786296,13.831752384637202,1.0
822,-0.7122065552357876,0.3018507576244568,7.394532878214964,0.0
823,0.8496512688702833,-5.775979252558359,14.049416185798226,0.0
824,-1.1662055143233576,0.9384746046911165,18.20087010542428,1.0
825,-0.5000354907231435,3.3737700904485513,8.810978294020511,1.0
826,-0.16383023824121537,2.556558293174853,6.607601101983798,0.0
827,-0.6154610941429542,2.3624015120517727,16.424777021319212,1.0
828,0.911460092308285,4.643869058761805,13.203330618932302,1.0
829,-0.8767965683983298,-4.096110042284495,11.056319436707494,0.0
830,-0.43777265051420045,-0.15823584408665015,15.155626482248513,1.0
831,-0.9241882287696959,1.4511215760359848,9.564994486192163,0.0
832,-2.2928654012875507,0.3809234499759193,17.745567350007562,1.0
833,-0.40209081723566037,4.196478277627613,13.005051211083414,1.0
834,1.4047954966770535,-4.14088759602883,10.490548739507387,0.0
835,0.8313268279163749,5.905485524309101,8.222010229251751,1.0
836,-0.16417794642142453,4.333946165742112,13.85177050620214,1.0
837,1.0756795657771934,-2.4921357595403726,4.5470981784283655,0.0
838,1.0314631967009604,-2.5528410613341688,8.019729858297485,0.0
839,-0.3776195109232314,1.3318229925350615,6.124814671167282,0.0
840,-0.18860769606519667,1.9817894829318292,14.887572053466787,1.0
841,-0.44315294419957785,3.6483978162133353,6.273880383181282,0.0
842,0.3777891579287884,3.0967801301798774,15.286459074400296,1.0
843,-1.4182860483336028,0.48685040290045567,10.654484331248854,0.0
844,0.4479802894895872,-0.24409781273896738,8.403957405403528,0.0
845,-1.104293049070706,0.4396696303722022,16.817974106408524,1.0
846,0.050846635582826545,0.556805332416182,13.362196821933283,1.0
847,0.5253951374635601,4.067804912778888,14.716834707532932,1.0
848,0.2276015172942656,1.6039399553555982,8.52611639134689,0.0
849,0.5206120478304634,0.4954106671388838,8.007933393807901,0.0
850,-0.07430756813854389,-2.8304908920988225,7.5340346139171634,0.0
851,-1.5438255809697525,-1.2679561870387608,11.262934826657881,0.0
852,-1.086313706448448,3.6455066069969106,9.799517073785491,1.0
853,0.5274467200114573,4.161694391220683,14.308176443454295,1.0
854,0.9979612481456513,4.26931683185486,10.266029306968973,1.0
855,-0.17550402864740136,-4.804330247307443,11.233840623928444,0.0
856,-0.8723785359558396,-3.019900747668184,10.450601699166777,0.0
857,-0.4694952329263264,-0.25444130415736155,14.230642118028774,1.0
858,1.2677287009825038,-3.2133871165274375,19.764705891729832,1.0
859,0.4829322178693761,-3.958674565125609,9.107547393840452,0.0
860,-0.3976850354494031,2.879875194584085,9.960684433326955,1.0
861,1.557332741580467,2.8736999216247563,17.059219017887013,1.0
862,-0.09012705862966125,4.62511344840272,11.640952327915343,1.0
863,1.1153900050307726,0.22405236613834398,15.015759372197191,1.0
864,1.209961959491208,-1.6779537095396035,14.30330713152019,1.0
865,-0.00544067216583104,5.470661511193483,15.923635846312534,1.0
866,1.1663676606858775,-7.289521082972792,11.172826287056207,0.0
867,0.46087736125405027,-2.5779493789036474,6.579701614523114,0.0
868,0.08856454675012568,-8.227205375076986,7.608707272822104,0.0
869,0.7762759360001711,-2.138293965935609,15.447991541714378,1.0
870,0.3415585446386684,0.2686039237148602,9.666539910143305,0.0
871,0.6135093733036625,-0.3842291154651041,12.878326688340225,1.0
872,1.5155732704695366,1.8549230985040008,13.800777320637051,1.0
873,-1.4876202145903592,2.7302500274934247,6.183547853893798,0.0
874,-2.056927321950283,4.4101899744322335,9.204139995191813,1.0
875,0.4937256834024202,-0.18928689451172026,14.079341645449095,1.0
876,-0.09242923463732124,-0.0867928160089098,18.33774287009396,1.0
877,0.3586916271256083,-3.2442844732270157,11.735620452950403,0.0
878,0.5102762594003789,-1.4460918410980175,13.517776811639516,1.0
879,-2.0827352915611312,-2.035418442166578,11.314524388273625,0.0
880,0.7829544305915436,-2.000122882824294,17.598214748657433,1.0
881,0.4080613701047103,-2.6614790502324457,14.366985159122708,1.0
882,0.5276395329989194,-0.8482187777358804,4.6382695811426435,0.0
883,-1.259063403443729,0.25699501145949843,18.44769152941782,1.0
884,-1.4026391460355794,2.9327174753812657,15.625956966293636,1.0
885,-1.4224950226230857,3.5405911520850326,10.20067544817484,1.0
886,-0.22017933790470004,-2.2199257401910644,13.299213281599615,0.0
887,0.671796636760473,3.0842400819885754,2.989705952893864,0.0
888,0.25735219123910463,-8.123875995042074,17.5778601808852,0.0
889,0.37546272627764254,3.9656273986720345,9.91760599611671,1.0
890,0.903898626158615,0.7427828511771606,19.831173121546136,1.0
891,-0.366652206262555,-0.34748767361594035,9.588918638544342,0.0
892,0.15190565870219563,-4.121265538596987,14.911232537933776,0.0
893,0.40985534884361097,0.43958748431551165,16.881950661010656,1.0
894,-0.015199289380949514,-5.9708121997843655,10.845275731434576,0.0
895,-0.8014678454155719,1.8416935339767835,12.206800232213974,1.0
896,-0.7754314032480742,-1.156579472210637,13.993738128949202,1.0
897,-0.20347391192413966,0.1786677778405215,15.310396212824298,1.0
898,0.47204883442542983,0.44141817737515143,11.778488774943709,1.0
899,0.1356951484935077,-2.4176385728907603,15.429147959411114,1.0
900,0.31492386933115013,-1.9638795928903414,15.238883195244789,1.0
901,0.8815452033367297,-2.5826410071291894,9.77576177386712,0.0
902,-1.839142838230069,-0.995319930271553,4.922689963978532,0.0
903,-0.004423567852173256,-3.346786094523851,8.944145618845445,0.0
904,-0.313648316509139,1.279247751056016,10.769908603282122,1.0
905,-1.8716596740385052,0.48280256660540316,6.261713292762012,0.0
906,-0.5236871487457567,3.1315117679184556,15.471313600269246,1.0
907,-1.1328054061322892,-2.861706888615767,17.315140350959684,1.0
908,0.8240776626520508,-3.387990104844898,16.738013404006868,1.0
909,-0.5280114617810372,2.2672660233867217,7.133292777296542,0.0
910,-0.3951340775252837,-5.313600608321451,14.76313487274583,0.0
911,-2.0753075850457807,-1.8991092671784422,1.908332773385423,0.0
912,-0.8576254290234328,1.460140281008088,13.46873593046826,1.0
913,0.7363035013374835,3.5904148941572505,7.955829122105804,1.0
914,-1.6058751707237688,-2.7212581895518593,9.416350144534663,0.0
915,-0.40518162295895105,2.962797544927479,11.580747820525106,1.0
916,-1.8932543251449103,-0.0739991136279708,10.722846902176595,0.0
917,-0.45108506960953293,-0.9289369914201902,6.0817856141024444,0.0
918,0.5165453728656815,-6.502781623435184,13.477305978768907,0.0
919,0.6384796376729313,5.109036037497607,10.860815209364768,1.0
920,1.2799523189635191,-0.5761912015091726,14.951990244070767,1.0
921,-0.16005363097776532,2.129367491862555,11.662841824139479,1.0
922,-1.5748025168621602,2.2248198513097495,3.9913467964754084,0.0
923,0.6727325340869336,-1.4563350371272734,6.996559591255203,0.0
924,-0.05441583150096749,-2.0296342113171906,12.734413568157253,0.0
925,0.02393025379175107,4.204277426271578,11.928747285749692,1.0
926,0.12594269449032694,3.320650654434742,9.630143833527665,1.0
927,-0.5305251124363639,-0.6342352468243022,9.053866694255191,0.0
928,0.24308637522570697,-4.292121939033291,9.408755217420552,0.0
929,0.8324727044493326,-5.464735340392439,14.34572089438518,0.0
930,0.3827542169667056,-0.751607561241705,14.80535996842079,1.0
931,-1.6327971293839336,-2.749120071733577,16.306628781953002,1.0
932,0.36708828564988594,-5.688387205564888,13.908260734889224,0.0
933,-0.7244124837299951,-1.4923053564523068,17.48143616565006,1.0
934,-1.864074976624461,-4.738571480389297,13.703080305662297,0.0
935,0.05220205395393625,2.564538844105921,9.255469929317748,1.0
936,-1.528927449780066,3.5393660952644073,10.26996416771207,1.0
937,-0.7175706883439681,-3.6225288996176417,8.74276820706788,0.0
938,0.7209505063358548,-0.6800466706592551,13.205161526785648,1.0
939,0.012898988674851942,-1.1493549039635251,13.91412908979131,1.0
940,0.8705858699094684,-2.4029968958041357,15.705508265419299,1.0
941,-0.5869628200296931,3.937942608629127,7.296423763462853,0.0
942,-0.7996560566939112,-2.054949959326541,14.077420060713745,1.0
943,-1.0959447751811615,-0.13089107725237725,13.871485601863402,1.0
944,-1.3924780429332728,-1.0020824820271657,12.74443937402911,0.0
945,-0.5185778800080357,-1.0095402283889554,14.120864178925475,1.0
946,-0.8696235926404255,-2.6633001589539607,10.213619404795864,0.0
947,0.7057053021361687,-8.810643645129748,11.634257618646984,0.0
948,-0.5155220060946857,4.651220941168736,14.100035958514427,1.0
949,-0.8465201087648947,2.883218322054187,16.194533499326564,1.0
950,1.18419472332764,-1.9500682858403655,7.699027967409886,0.0
951,1.0705300017313404,6.208184138353683,13.47312587011217,1.0
952,-2.9791823956701293,3.3340253117260135,13.21431406246677,1.0
953,0.39917958235127754,-1.5573503527911696,10.043074637647623,0.0
954,0.5844724240218265,-2.2451099940775077,14.037322783133769,1.0
955,2.205677908289114,0.9349846289253354,11.65434949829807,1.0
956,0.6585666459903451,-1.9353816352967845,17.769509955040608,1.0
957,1.9435141110743073,-3.3720010074525244,19.68628930382777,1.0
958,0.18043162558507858,0.9294844066117605,15.06424326074314,1.0
959,-0.15099182885413978,1.4263944553417267,15.001207086972558,1.0
960,0.5371126885898154,2.6770029818407086,13.651577349616558,1.0
961,-0.3099037739129367,0.5309360349805805,11.025081859668974,1.0
962,-1.0684910218669834,-1.713797613263514,17.187637035126638,1.0
963,0.13450863427038756,-4.319047036984625,11.943042160904621,0.0
964,0.028310443368236928,-5.489597777020606,11.268495422531771,0.0
965,-2.0041694728459394,1.43497159109666,12.952805495421904,1.0
966,0.11821341108411718,4.000344524925526,9.063704560957747,1.0
967,0.3027367474528645,-1.7001321716273927,8.005148637282659,0.0
968,-0.23034059260288586,-4.094741311742867,5.167145538890783,0.0
969,-1.8046337725247572,4.053735888847556,10.610317219830021,1.0
970,-0.8240184553832278,0.09641317330106638,14.917679687839183,1.0
971,0.6426851969703569,-4.510626974280024,10.886453802085754,0.0
972,-1.466936607331736,1.9869180693246855,22.20021012868971,1.0
973,-1.3787148165723728,0.49989785982786006,7.89994619203937,0.0
974,-0.6849401467221856,1.4379853917073677,16.54827038172859,1.0
975,-2.0014046321351016,-3.5368015464162066,13.877161475179026,0.0
976,1.8497373381843856,-3.2906050014183315,8.052311149868672,0.0
977,-0.5596486030187826,-2.8758239999623254,9.303054092148239,0.0
978,1.070232343596017,0.7194434132626787,17.29796569469925,1.0
979,-0.7234586302577596,1.274185359353431,15.547308733970473,1.0
980,-0.0016000021966003015,-0.671720780193528,18.072528760697327,1.0
981,0.7052056208055589,-2.1620683931081492,11.398882038915346,0.0
982,0.11669237218000658,2.10036267863597,8.92466410022892,1.0
983,0.741265842886269,4.872260035394577,9.056254295176956,1.0
984,1.7270514225364453,-1.4288039757075954,13.819935047727194,1.0
985,1.3603270362049042,0.5188051678152977,13.005872416772734,1.0
986,1.7028542519603367,1.038704378288687,13.105248061863911,1.0
987,0.5521520358153901,3.5486784868018733,10.52062124246075,1.0
988,-0.45181620406103257,3.1925543674552266,13.784381810794079,1.0
989,2.696508694922403,1.3808298365776626,3.389693801314282,0.0
990,0.1200907817253835,0.6697434657954449,5.573190940505527,0.0
991,1.3833185841375413,1.0449108959483224,9.253123200352723,1.0
992,-0.6090748795218731,2.483079190106606,15.489845466225102,1.0
993,0.45812088401127,3.424943691369461,12.65009213371985,1.0
994,0.5071549023563806,1.8805137942179977,13.761526804962251,1.0
995,-0.06972974138354862,-0.8460738483595599,3.251726821726063,0.0
996,-1.1251600596112608,1.9842981657204204,14.32695576373415,1.0
997,0.13676125026168812,-2.523168460829867,13.704014752777585,1.0
998,0.8826310156575627,3.710963360120811,12.683087203581362,1.0
999,0.3641359257950804,2.978584358516307,12.445720887801674,1.0
